  {
    "Id": 127,
    "CommonName": "CSC TrustedSecure EV Certificate",
    "TemplateName": "CSC TrustedSecure EV Certificate",
    "Oid": "1.3.6.1.4.1.311.21.8.40021132.55036234.8312716.5829615.6203800.119.24783183.1716 293",
    "KeySize": "2048",
    "KeyType": "RSA",
    "ForestRoot": "bjc101-ad.local",
    "FriendlyName": null,
    "KeyRetention": "None",
    "KeyRetentionDays": null,
    "KeyArchival": false,
"EnrollmentFields": [
    {
      "Id": 2222340,
      "Name": "Term",
      "Options": [
        "12",
        "24",
        "36",
        "48",
        "60",
        "72"
      ],
      "DataType": 2
    },
    {
      "Id": 2222341,
      "Name": "Applicant First Name",
      "Options": [
        ""
      ],
      "DataType": 1
    },
    {
      "Id": 2222342,
      "Name": "Applicant Last Name",
      "Options": [
        ""
      ],
      "DataType": 1
    },
    {
      "Id": 2222343,
      "Name": "Applicant Email Address",
      "Options": [
        ""
      ],
      "DataType": 1
    },
    {
      "Id": 2222344,
      "Name": "Applicant Phone (+nn.nnnnnnnn)",
      "Options": [
        ""
      ],
      "DataType": 1
    },
    {
      "Id": 2222350,
      "Name": "Domain Control Validation Method",
      "Options": [
        "CNAME"
      ],
      "DataType": 2
    },
    {
      "Id": 2222370,
      "Name": "Organization Contact",
      "Options": [
        "BJC Health System"
      ],
      "DataType": 2
    },
    {
      "Id": 2222371,
      "Name": "Business Unit",
      "Options": [
        "BJC Healthcare",
        "Barnes-Jewish Hospital"
      ],
      "DataType": 2
    },
    {
      "Id": 2222383,
      "Name": "Organization Country",
      "Options": [
        "US",
        "AA",
        "AC",
        "AD",
        "AE",
        "AF",
        "AG",
        "AI",
        "AL",
        "AM",
        "AN",
        "AO",
        "AQ",
        "AR",
        "AS",
        "AT",
        "AU",
        "AW",
        "AX",
        "AZ",
        "BA",
        "BB",
        "BC",
        "BD",
        "BE",
        "BF",
        "BG",
        "BH",
        "BI",
        "BJ",
        "BL",
        "BM",
        "BN",
        "BO",
        "BQ",
        "BR",
        "BS",
        "BT",
        "BU",
        "BV",
        "BW",
        "BY",
        "BZ",
        "CA",
        "CC",
        "CD",
        "CE",
        "CF",
        "CG",
        "CH",
        "CI",
        "CK",
        "CL",
        "CM",
        "CN",
        "CO",
        "CQ",
        "CR",
        "CS",
        "CU",
        "CV",
        "CW",
        "CX",
        "CY",
        "CZ",
        "DE",
        "DJ",
        "DK",
        "DM",
        "DO",
        "DR",
        "DZ",
        "EC",
        "EE",
        "EG",
        "EH",
        "ER",
        "ES",
        "ET",
        "EU",
        "FI",
        "FJ",
        "FK",
        "FL",
        "FM",
        "FO",
        "FR",
        "FX",
        "GA",
        "GB",
        "GD",
        "GE",
        "GF",
        "GG",
        "GH",
        "GI",
        "GL",
        "GM",
        "GN",
        "GP",
        "GQ",
        "GR",
        "GS",
        "GT",
        "GU",
        "GW",
        "GY",
        "HK",
        "HM",
        "HN",
        "HR",
        "HT",
        "HU",
        "IC",
        "ID",
        "IE",
        "IL",
        "IM",
        "IN",
        "IO",
        "IQ",
        "IR",
        "IS",
        "IT",
        "JE",
        "JM",
        "JO",
        "JP",
        "KE",
        "KG",
        "KH",
        "KI",
        "KM",
        "KN",
        "KP",
        "KR",
        "KW",
        "KY",
        "KZ",
        "LA",
        "LB",
        "LC",
        "LI",
        "LK",
        "LR",
        "LS",
        "LT",
        "LU",
        "LV",
        "LY",
        "MA",
        "MC",
        "MD",
        "ME",
        "MG",
        "MH",
        "MI",
        "MK",
        "ML",
        "MM",
        "MN",
        "MO",
        "MP",
        "MQ",
        "MR",
        "MS",
        "MT",
        "MU",
        "MV",
        "MW",
        "MX",
        "MY",
        "MZ",
        "NA",
        "NC",
        "NE",
        "NF",
        "NG",
        "NI",
        "NL",
        "NO",
        "NP",
        "NR",
        "NT",
        "NU",
        "NZ",
        "OM",
        "ON",
        "PA",
        "PC",
        "PE",
        "PF",
        "PG",
        "PH",
        "PK",
        "PL",
        "PM",
        "PN",
        "PR",
        "PS",
        "PT",
        "PW",
        "PY",
        "QA",
        "QC",
        "RE",
        "RM",
        "RO",
        "RS",
        "RU",
        "RW",
        "SA",
        "SB",
        "SC",
        "SD",
        "SE",
        "SG",
        "SH",
        "SI",
        "SJ",
        "SK",
        "SL",
        "SM",
        "SN",
        "SO",
        "SP",
        "SR",
        "ST",
        "SU",
        "SV",
        "SW",
        "SX",
        "SY",
        "SZ",
        "TC",
        "TD",
        "TF",
        "TG",
        "TH",
        "TJ",
        "TK",
        "TL",
        "TM",
        "TN",
        "TO",
        "TP",
        "TR",
        "TT",
        "TV",
        "TW",
        "TZ",
        "UA",
        "UD",
        "UG",
        "UK",
        "UM",
        "UN",
        "UR",
        "UY",
        "UZ",
        "VA",
        "VC",
        "VE",
        "VG",
        "VI",
        "VN",
        "VU",
        "WF",
        "WS",
        "XX",
        "YE",
        "YS",
        "YT",
        "YU",
        "ZA",
        "ZM",
        "ZR",
        "ZW"
      ],
      "DataType": 2
    },
    {
      "Id": 2222385,
      "Name": "Purchase Order Number",
      "Options": [
        ""
      ],
      "DataType": 1
    }
  ],
  "AllowedEnrollmentTypes": 7,
  "TemplateRegexes": [],
  "UseAllowedRequesters": false,
  "AllowedRequesters": [],
    "DisplayName": "CSC TrustedSecure EV Certificate"
  }