{
  "Id": 131,
  "CommonName": "CSC TrustedSecure Premium Wildcard Certificate",
  "TemplateName": "CSC TrustedSecure Premium Wildcard Certificate",
  "Oid": "1.3.6.1.4.1.311.21.8.46648548.38913080.1373300.4129011.3589560.119.35013272.1716 293",
  "KeySize": "2048",
  "KeyType": "RSA",
  "ForestRoot": "bjc101-ad.local",
  "FriendlyName": null,
  "KeyRetention": "None",
  "KeyRetentionDays": null,
  "KeyArchival": false,
  "EnrollmentFields": [
    {
      "Id": 2222240,
      "Name": "Term",
      "Options": [
        "12",
        "24",
        "36",
        "48",
        "60",
        "72"
      ],
      "DataType": 2
    },
    {
      "Id": 2222241,
      "Name": "Applicant First Name",
      "Options": [
        ""
      ],
      "DataType": 1
    },
    {
      "Id": 2222242,
      "Name": "Applicant Last Name",
      "Options": [
        ""
      ],
      "DataType": 1
    },
    {
      "Id": 2222243,
      "Name": "Applicant Email Address",
      "Options": [
        ""
      ],
      "DataType": 1
    },
    {
      "Id": 2222244,
      "Name": "Applicant Phone (+nn.nnnnnnnn)",
      "Options": [
        ""
      ],
      "DataType": 1
    },
    {
      "Id": 2222250,
      "Name": "Domain Control Validation Method",
      "Options": [
        "CNAME"
      ],
      "DataType": 2
    },
    {
      "Id": 2222270,
      "Name": "Organization Contact",
      "Options": [
        "BJC Health System"
      ],
      "DataType": 2
    },
    {
      "Id": 2222271,
      "Name": "Business Unit",
      "Options": [
        "BJC Healthcare",
        "Barnes-Jewish Hospital"
      ],
      "DataType": 2
    },
    {
      "Id": 2222285,
      "Name": "Purchase Order Number",
      "Options": [
        ""
      ],
      "DataType": 1
    }
  ],
  "AllowedEnrollmentTypes": 7,
  "TemplateRegexes": [],
  "UseAllowedRequesters": false,
  "AllowedRequesters": [],
  "DisplayName": "CSC TrustedSecure Premium Wildcard Certificate"
}