{
  "Id": 125,
  "CommonName": "CSC TrustedSecure Premium Certificate",
  "TemplateName": "CSC TrustedSecure Premium Certificate",
  "Oid": "1.3.6.1.4.1.311.21.8.12335670.37573012.8557901.3921542.8463575.119.41783795.1716 293",
  "KeySize": "2048",
  "KeyType": "RSA",
  "ForestRoot": "bjc101-ad.local",
  "FriendlyName": null,
  "KeyRetention": "None",
  "KeyRetentionDays": null,
  "KeyArchival": false,
  "EnrollmentFields": [
    {
      "Id": 2222440,
      "Name": "Term",
      "Options": [
        "12",
        "24",
        "36",
        "48",
        "60",
        "72"
      ],
      "DataType": 2
    },
    {
      "Id": 2222441,
      "Name": "Applicant First Name",
      "Options": [
        ""
      ],
      "DataType": 1
    },
    {
      "Id": 2222442,
      "Name": "Applicant Last Name",
      "Options": [
        ""
      ],
      "DataType": 1
    },
    {
      "Id": 2222443,
      "Name": "Applicant Email Address",
      "Options": [
        ""
      ],
      "DataType": 1
    },
    {
      "Id": 2222444,
      "Name": "Applicant Phone (+nn.nnnnnnnn)",
      "Options": [
        ""
      ],
      "DataType": 1
    },
    {
      "Id": 2222450,
      "Name": "Domain Control Validation Method",
      "Options": [
        "CNAME"
      ],
      "DataType": 2
    },
    {
      "Id": 2222470,
      "Name": "Organization Contact",
      "Options": [
        "BJC Health System"
      ],
      "DataType": 2
    },
    {
      "Id": 2222471,
      "Name": "Business Unit",
      "Options": [
        "BJC Healthcare",
        "Barnes-Jewish Hospital"
      ],
      "DataType": 2
    },
    {
      "Id": 2222485,
      "Name": "Purchase Order Number",
      "Options": [
        ""
      ],
      "DataType": 1
    }
  ],
  "AllowedEnrollmentTypes": 7,
  "TemplateRegexes": [],
  "UseAllowedRequesters": false,
  "AllowedRequesters": [],
  "DisplayName": "CSC TrustedSecure Premium Certificate"
}