  {
    "Id": 129,
    "CommonName": "CSC TrustedSecure UC Certificate",
    "TemplateName": "CSC TrustedSecure UC Certificate",
    "Oid": "1.3.6.1.4.1.311.21.8.25579363.50723440.5586863.4037230.6758312.119.37841189.1716 293",
    "KeySize": "2048",
    "KeyType": "RSA",
    "ForestRoot": "bjc101-ad.local",
    "FriendlyName": null,
    "KeyRetention": "None",
    "KeyRetentionDays": null,
    "KeyArchival": false,
 "EnrollmentFields": [
    {
      "Id": 2222540,
      "Name": "Term",
      "Options": [
        "12",
		"24",
		"36",
		"48",
		"60",
		"72"
      ],
      "DataType": 2
    },
    {
      "Id": 2222541,
      "Name": "Applicant First Name",
      "Options": [
        ""
      ],
      "DataType": 1
    },
    {
      "Id": 2222542,
      "Name": "Applicant Last Name",
      "Options": [
        ""
      ],
      "DataType": 1
    },
    {
      "Id": 2222543,
      "Name": "Applicant Email Address",
      "Options": [
        ""
      ],
      "DataType": 1
    },
    {
      "Id": 2222544,
      "Name": "Applicant Phone (+nn.nnnnnnnn)",
      "Options": [
        ""
      ],
      "DataType": 1
    },
    {
      "Id": 2222550,
      "Name": "Domain Control Validation Method",
      "Options": [
		"CNAME"
      ],
      "DataType": 2
    },
    {
      "Id": 2222560,
      "Name": "Addtl Sans Comma Separated DVC Emails",
      "Options": [
        ""
      ],
      "DataType": 1
    },
    {
      "Id": 2222570,
      "Name": "Organization Contact",
      "Options": [
        	"BJC Health System"
      ],
      "DataType": 2
    },
    {
      "Id": 2222571,
      "Name": "Business Unit",
      "Options": [
        "BJC Healthcare",
        "Barnes-Jewish Hospital"
      ],
      "DataType": 2
    },
    {
      "Id": 2222585,
      "Name": "Purchase Order Number",
      "Options": [
	""
      ],
      "DataType": 1
    }
  ],
  "AllowedEnrollmentTypes": 7,
  "TemplateRegexes": [],
  "UseAllowedRequesters": false,
  "AllowedRequesters": [],
    "DisplayName": "CSC TrustedSecure UC Certificate"
  }